id,title,sub_title,num_title,part,imdb,postgres,sunopsis,last_seen,watch_count,own,mtype_id,myear_id,mformat_id,quality_id,mlanguage_id,msubtitle_id,threed_id,created_at,updated_at,director,writer,actor,poster
152,Thir13en Ghosts,"",,,tt0245674,,"When Cyrus Kriticos, a very rich collector of unique things dies, he leaves it all to his nephew and his family. All including his house, his fortune, and his malicious collection of ghosts!",,,1,,21,2,,1,3,, 8 Jul 2016 13:11,13 Jul 2016 08:28,,,,
153,2012,"",,,tt1190080,,A frustrated writer struggles to keep his family alive when a series of global catastrophes threatens to annihilate mankind.,,,1,,13,2,,1,3,, 8 Jul 2016 13:11,13 Jul 2016 14:29,Roland Emmerich,"Roland Emmerich, Harald Kloser","John Cusack, Amanda Peet, Chiwetel Ejiofor, Thandie Newton",
154,30 Days of Night,"",,,tt0389722,,"After an Alaskan town is plunged into darkness for a month, it is attacked by a bloodthirsty gang of vampires.

After an Alaskan town is plunged into darkness for a month, it is attacked by a bloodthirsty gang of vampires.After an Alaskan town is plunged into darkness for a month, it is attacked by a bloodthirsty gang of vampires.After an Alaskan town is plunged into darkness for a month, it is attacked by a bloodthirsty gang of vampires.After an Alaskan town is plunged into darkness for a month, it is attacked by a bloodthirsty gang of vampires.",,,1,,15,2,,1,3,, 8 Jul 2016 13:11, 4 Aug 2016 11:23,David Slade,"Steve Niles (screenplay), Stuart Beattie (screenplay), Brian Nelson (screenplay), Steve Niles (comic), Ben Templesmith (comic)","Josh Hartnett, Melissa George, Danny Huston, Ben Foster",b1374e3fe523ef62a20fbf391331a9c1
155,The Adjustment Bureau,"",,,tt1385826,,The affair between a politician and a contemporary dancer is affected by mysterious forces keeping the lovers apart.,,,1,,,2,,1,3,, 8 Jul 2016 13:11,11 Jul 2016 13:38,,,,
156,Alien,,1,,,,,,,1,,,2,,1,3,, 8 Jul 2016 13:11, 8 Jul 2016 13:11,,,,
157,Alien,3,3,,,,,,,1,,,2,,1,3,, 8 Jul 2016 13:11, 8 Jul 2016 13:11,,,,
158,Alien,Resurrection,4,,tt0118583,,"Two centuries after her death, Ellen Ripley is revived as a powerful human/alien hybrid clone who must continue her war against the aliens.",,,1,,,2,,1,3,, 8 Jul 2016 13:11,11 Jul 2016 13:12,,,,
159,Aliens,,2,,,,,,,1,,,2,,1,3,, 8 Jul 2016 13:11, 8 Jul 2016 13:11,,,,
160,Amazing Spiderman,,1,,,,,,,1,,,2,,2,2,2, 8 Jul 2016 13:11, 8 Jul 2016 13:11,,,,
161,Amazing Spiderman,,2,,,,,,,0,,,2,,2,2,2, 8 Jul 2016 13:11, 8 Jul 2016 13:11,,,,
162,American Hunting,,,,,,,,,0,,,2,,1,3,, 8 Jul 2016 13:11, 8 Jul 2016 13:11,,,,
163,American Pie,,1,,,,,,,1,,,2,,1,3,, 8 Jul 2016 13:11, 8 Jul 2016 13:11,,,,
164,American Pie,2,2,,,,,,,1,,,2,,1,3,, 8 Jul 2016 13:11, 8 Jul 2016 13:11,,,,
165,American Pie,Wedding,3,,"",,"",,,1,,,2,,1,3,, 8 Jul 2016 13:11, 4 Aug 2016 09:38,"","","",
166,American Pie,Reunion,4,,,,,,,1,,,2,,1,3,, 8 Jul 2016 13:11, 8 Jul 2016 13:11,,,,
167,Amytiville,,,,,,,,,0,,,2,,1,3,, 8 Jul 2016 13:11, 8 Jul 2016 13:11,,,,
168,As Good As It Gets,,,,,,,,,1,,,3,,1,2,, 8 Jul 2016 13:11, 8 Jul 2016 13:11,,,,
169,Avatar,,,,,,,,,1,,,2,,1,3,2, 8 Jul 2016 13:11, 8 Jul 2016 13:11,,,,
170,Marvel's Avengers Assemble,Assemble,1,,tt2455546,,The further adventures of the Marvel Universe's mightiest general membership superhero team.,,,1,,9,2,,1,3,2, 8 Jul 2016 13:11,22 Jul 2016 09:26,N/A,"Jack Kirby, Kari Rosenberg, Joe Simon","Adrian Pasdar, Fred Tatasciore, Roger Craig Smith, Travis Willingham",6bb75c6d4ad48b72245bfac290db7926
171,Avengers,Age of Ultron,2,,,,,,,0,,,2,,1,3,2, 8 Jul 2016 13:11, 8 Jul 2016 13:11,,,,
172,Back to the Future,,1,,,,,,,1,,,2,,2,2,, 8 Jul 2016 13:11, 8 Jul 2016 13:11,,,,
173,Back to the Future,,2,,,,,,,1,,,2,,2,2,, 8 Jul 2016 13:11, 8 Jul 2016 13:11,,,,
174,Back to the Future,,3,,,,,,,1,,,2,,2,2,, 8 Jul 2016 13:11, 8 Jul 2016 13:11,,,,
175,Banaras,,,,,,,,,1,,,3,,2,2,, 8 Jul 2016 13:11, 8 Jul 2016 13:11,,,,
176,Batman,Batman Begins,1,,,,,,,0,,,2,,1,3,, 8 Jul 2016 13:11, 8 Jul 2016 13:11,,,,
177,Batman,Dark Knight  The,2,,,,,,,0,,,2,,1,3,, 8 Jul 2016 13:11, 8 Jul 2016 13:11,,,,
178,Batman,Dark Knight Rises  The,3,,,,,,,0,,,2,,1,3,, 8 Jul 2016 13:11, 8 Jul 2016 13:11,,,,
179,Blisko Siebie,,,,,,,,,1,,,3,,2,2,, 8 Jul 2016 13:11, 8 Jul 2016 13:11,,,,
180,Blue Smoke,,,,,,,,,1,,,3,,2,2,, 8 Jul 2016 13:11, 8 Jul 2016 13:11,,,,
181,Bolt,,,,,,,,,1,,,2,,2,2,2, 8 Jul 2016 13:11, 8 Jul 2016 13:11,,,,
182,Bond,Casino Royale,,,,,,,,1,,,2,,1,2,, 8 Jul 2016 13:11, 8 Jul 2016 13:11,,,,
183,Book of Eli  The,,,,,,,,,1,,,2,,1,3,, 8 Jul 2016 13:11, 8 Jul 2016 13:11,,,,
184,Bourne,Identity,1,,,,,,,1,,,2,,1,3,, 8 Jul 2016 13:11, 8 Jul 2016 13:11,,,,
185,Bourne,Supremacy,2,,,,,,,1,,,2,,1,3,, 8 Jul 2016 13:11, 8 Jul 2016 13:11,,,,
186,Bourne,Ultimatum,3,,,,,,,1,,,2,,1,3,, 8 Jul 2016 13:11, 8 Jul 2016 13:11,,,,
187,Bourne,Legacy,4,,,,,,,1,,,2,,1,3,, 8 Jul 2016 13:11, 8 Jul 2016 13:11,,,,
188,Cabin in the Woods,,,,,,,,,0,,,2,,1,3,, 8 Jul 2016 13:11, 8 Jul 2016 13:11,,,,
189,Captain America,Winter Soldier,2,,,,,,,0,,,2,,1,3,, 8 Jul 2016 13:11, 8 Jul 2016 13:11,,,,
190,Captain America,,1,,,,,,,0,,,2,,1,3,2, 8 Jul 2016 13:11, 8 Jul 2016 13:11,,,,
191,Carrie,,,,,,,,,0,,,2,,1,3,, 8 Jul 2016 13:11, 8 Jul 2016 13:11,,,,
192,Christmas Carol,,,,,,,,,1,,,2,,1,3,2, 8 Jul 2016 13:11, 8 Jul 2016 13:11,,,,
193,CJ7,,,,,,,,,1,,,2,,1,3,, 8 Jul 2016 13:11, 8 Jul 2016 13:11,,,,
194,CJ7,,,,,,,,,1,,,3,,2,2,, 8 Jul 2016 13:11, 8 Jul 2016 13:11,,,,
195,Cloudy With a Chance of Meatballs,,1,,,,,,,1,,,2,,2,2,2, 8 Jul 2016 13:11, 8 Jul 2016 13:11,,,,
196,Cloudy With a Chance of Meatballs,,2,,,,,,,0,,,2,,2,2,2, 8 Jul 2016 13:11, 8 Jul 2016 13:11,,,,
197,Conjuring,,,,,,,,,1,,,2,,2,2,, 8 Jul 2016 13:11, 8 Jul 2016 13:11,,,,
198,Constantine,,,,,,,,,1,,,2,,1,3,, 8 Jul 2016 13:11, 8 Jul 2016 13:11,,,,
199,Core,,,,,,,,,1,,,3,,1,2,, 8 Jul 2016 13:11, 8 Jul 2016 13:11,,,,
200,Daredevil,,,,,,,,,1,,,3,,1,3,, 8 Jul 2016 13:11, 8 Jul 2016 13:11,,,,
201,Darjeeling Limited,,,,,,,,,1,,,2,,1,3,, 8 Jul 2016 13:11, 8 Jul 2016 13:11,,,,
202,Dark Water,,,,,,,,,0,,,2,,1,3,, 8 Jul 2016 13:11, 8 Jul 2016 13:11,,,,
203,Day After Tomorrow  The,,,,,,,,,1,,,2,,1,3,, 8 Jul 2016 13:11, 8 Jul 2016 13:11,,,,
204,Day the Earth Stood Still  The,,,,,,,,,1,,,2,,1,3,, 8 Jul 2016 13:11, 8 Jul 2016 13:11,,,,
205,Daybrakers,,,,,,,,,1,,,2,,1,3,, 8 Jul 2016 13:11, 8 Jul 2016 13:11,,,,
206,Daywatch,,,,,,,,,1,,,2,,1,3,, 8 Jul 2016 13:11, 8 Jul 2016 13:11,,,,
207,Derailed,,,,,,,,,1,,,3,,2,2,, 8 Jul 2016 13:11, 8 Jul 2016 13:11,,,,
208,Despicable Me,,1,,,,,,,1,,,2,,2,2,2, 8 Jul 2016 13:11, 8 Jul 2016 13:11,,,,
209,Despicable Me,2,2,,,,,,,1,,,2,,2,2,2, 8 Jul 2016 13:11, 8 Jul 2016 13:11,,,,
210,Devil Inside,,,,,,,,,1,,,2,,1,3,, 8 Jul 2016 13:11, 8 Jul 2016 13:11,,,,
211,Devil's Own  The,,,,,,,,,1,,,3,,1,2,, 8 Jul 2016 13:11, 8 Jul 2016 13:11,,,,
212,District 9,,,,,,,,,1,,,2,,1,3,, 8 Jul 2016 13:11, 8 Jul 2016 13:11,,,,
213,Don,,,,,,,,,1,,,3,,2,2,, 8 Jul 2016 13:11, 8 Jul 2016 13:11,,,,
214,Drogowka,,,,,,,,,1,,,3,,2,2,, 8 Jul 2016 13:11, 8 Jul 2016 13:11,,,,
215,Elektra,,,,,,,,,1,,,3,,1,3,, 8 Jul 2016 13:11, 8 Jul 2016 13:11,,,,
216,Ender's Game,,,,,,,,,1,,,2,,1,3,, 8 Jul 2016 13:11, 8 Jul 2016 13:11,,,,
217,Exorcism of Emily Rose,,,,,,,,,0,,,2,,1,3,, 8 Jul 2016 13:11, 8 Jul 2016 13:11,,,,
218,Exorcist,,,,,,,,,1,,,2,,1,3,, 8 Jul 2016 13:11, 8 Jul 2016 13:11,,,,
219,Expendables,,1,,,,,,,1,,,2,,2,2,, 8 Jul 2016 13:11, 8 Jul 2016 13:11,,,,
220,Expendables,,2,,,,,,,0,,,2,,1,3,, 8 Jul 2016 13:11, 8 Jul 2016 13:11,,,,
221,Expendables,,3,,,,,,,0,,,2,,1,3,, 8 Jul 2016 13:11, 8 Jul 2016 13:11,,,,
222,Fantastic Four,,,,,,,,,1,,,3,,1,3,, 8 Jul 2016 13:11, 8 Jul 2016 13:11,,,,
223,Fighter  The,,,,,,,,,1,,,2,,1,3,, 8 Jul 2016 13:11, 8 Jul 2016 13:11,,,,
224,Final Destination,,1,,,,,,,0,,,2,,1,3,, 8 Jul 2016 13:11, 8 Jul 2016 13:11,,,,
225,Final Destination,,2,,,,,,,0,,,2,,1,3,, 8 Jul 2016 13:11, 8 Jul 2016 13:11,,,,
226,Final Destination,,3,,,,,,,0,,,2,,1,3,, 8 Jul 2016 13:11, 8 Jul 2016 13:11,,,,
227,Final Destination,The Final Destination,4,,,,,,,1,,,2,,1,3,, 8 Jul 2016 13:11, 8 Jul 2016 13:11,,,,
228,Final Destination,,5,,,,,,,0,,,2,,1,3,, 8 Jul 2016 13:11, 8 Jul 2016 13:11,,,,
229,Forbidden Kingdom  The,,,,,,,,,1,,,2,,1,3,, 8 Jul 2016 13:11, 8 Jul 2016 13:11,,,,
230,Forgotten  The,,,,,,,,,1,,,3,,1,2,, 8 Jul 2016 13:11, 8 Jul 2016 13:11,,,,
231,Fourth Kind  The,,,,,,,,,1,,,2,,1,3,, 8 Jul 2016 13:11, 8 Jul 2016 13:11,,,,
232,Game of Thrones,Season 1,1,,,,,,,1,,,2,,1,3,, 8 Jul 2016 13:11, 8 Jul 2016 13:11,,,,
233,Game of Thrones,Season 2,2,,,,,,,1,,,2,,1,3,, 8 Jul 2016 13:11, 8 Jul 2016 13:11,,,,
234,Game of Thrones,Season 3,3,,,,,,,1,,,2,,1,3,, 8 Jul 2016 13:11, 8 Jul 2016 13:11,,,,
235,Game of Thrones,Season 4,4,,,,,,,0,,,2,,1,3,, 8 Jul 2016 13:11, 8 Jul 2016 13:11,,,,
236,Genialny Wynalazek,,,,,,,,,1,,,3,,2,2,, 8 Jul 2016 13:11, 8 Jul 2016 13:11,,,,
237,Godzilla,,,,,,,,,1,,,3,,1,2,, 8 Jul 2016 13:11, 8 Jul 2016 13:11,,,,
238,Godzilla,,,,,,,,,0,,,2,,1,3,, 8 Jul 2016 13:11, 8 Jul 2016 13:11,,,,
239,Gra Namietnosci,,,,,,,,,1,,,3,,2,2,, 8 Jul 2016 13:11, 8 Jul 2016 13:11,,,,
240,Grand Budapest Hotel  The,,,,,,,,,1,,,2,,1,3,, 8 Jul 2016 13:11, 8 Jul 2016 13:11,,,,
241,Green Hornet,,,,,,,,,1,,,2,,1,3,2, 8 Jul 2016 13:11, 8 Jul 2016 13:11,,,,
242,Green Lantern,,,,,,,,,0,,,2,,1,3,2, 8 Jul 2016 13:11, 8 Jul 2016 13:11,,,,
243,Grown Ups,,,,,,,,,1,,,2,,1,3,, 8 Jul 2016 13:11, 8 Jul 2016 13:11,,,,
244,Grudge,,,,,,,,,0,,,2,,1,3,, 8 Jul 2016 13:11, 8 Jul 2016 13:11,,,,
245,Guardians of Galaxy,,,,,,,,,0,,,2,,1,3,2, 8 Jul 2016 13:11, 8 Jul 2016 13:11,,,,
246,Harry Potter,Philosopher Stone,1,,,,,,,1,,,2,,1,3,, 8 Jul 2016 13:11, 8 Jul 2016 13:11,,,,
247,Harry Potter,Chamber of Secrets,2,,,,,,,1,,,2,,1,3,, 8 Jul 2016 13:11, 8 Jul 2016 13:11,,,,
248,Harry Potter,Prisoner of Azkaban,3,,,,,,,1,,,2,,1,3,, 8 Jul 2016 13:11, 8 Jul 2016 13:11,,,,
249,Harry Potter,Goblet of Fire,4,,,,,,,1,,,2,,1,3,, 8 Jul 2016 13:11, 8 Jul 2016 13:11,,,,
250,Harry Potter,Order of the Phoenix,5,,,,,,,1,,,2,,1,3,, 8 Jul 2016 13:11, 8 Jul 2016 13:11,,,,
251,Harry Potter,Half-blood Prince,6,,,,,,,1,,,2,,1,3,, 8 Jul 2016 13:11, 8 Jul 2016 13:11,,,,
252,Harry Potter,Deathly Hallows,7,1,,,,,,1,,,2,,1,3,, 8 Jul 2016 13:11, 8 Jul 2016 13:11,,,,
253,Harry Potter,Deathly Hallows,8,2,,,,,,1,,,2,,1,3,, 8 Jul 2016 13:11, 8 Jul 2016 13:11,,,,
254,Hellboy,,1,,,,,,,1,,,2,,1,3,, 8 Jul 2016 13:11, 8 Jul 2016 13:11,,,,
255,Hellboy,Golden Army,2,,,,,,,1,,,2,,1,3,, 8 Jul 2016 13:11, 8 Jul 2016 13:11,,,,
256,Heroes,Season 1,1,,,,,,,1,,,2,,1,3,, 8 Jul 2016 13:11, 8 Jul 2016 13:11,,,,
257,Heroes,Season 2,2,,,,,,,1,,,2,,1,3,, 8 Jul 2016 13:11, 8 Jul 2016 13:11,,,,
258,Hobbit,An Unexpected Journey,1,,,,,,,1,,,2,,2,2,2, 8 Jul 2016 13:11, 8 Jul 2016 13:11,,,,
259,Hobbit,The Desolation of Smaug,2,,,,,,,1,,,2,,2,2,2, 8 Jul 2016 13:11, 8 Jul 2016 13:11,,,,
260,Hobbit,The Battle of the Five Armies,3,,,,,,,0,,,2,,2,2,2, 8 Jul 2016 13:11, 8 Jul 2016 13:11,,,,
261,Hot Fuzz,,,,,,,,,1,,,2,,1,3,, 8 Jul 2016 13:11, 8 Jul 2016 13:11,,,,
262,How to Train Your Dragon,,1,,,,,,,1,,,2,,2,3,2, 8 Jul 2016 13:11, 8 Jul 2016 13:11,,,,
263,How to Train Your Dragon,2,2,,,,,,,0,,,2,,2,3,2, 8 Jul 2016 13:11, 8 Jul 2016 13:11,,,,
264,Hugo,,,,,,,,,1,,,2,,1,3,2, 8 Jul 2016 13:11, 8 Jul 2016 13:11,,,,
265,Hulk,,1,,,,,,,0,,,2,,1,3,, 8 Jul 2016 13:11, 8 Jul 2016 13:11,,,,
266,Hulk,Incredible Hulk  The,2,,,,,,,0,,,2,,1,3,, 8 Jul 2016 13:11, 8 Jul 2016 13:11,,,,
267,Hunger Games,,1,,,,,,,1,,,2,,1,3,, 8 Jul 2016 13:11, 8 Jul 2016 13:11,,,,
268,Hunger Games,Catching Fire,2,,,,,,,1,,,2,,1,3,, 8 Jul 2016 13:11, 8 Jul 2016 13:11,,,,
269,Hunger Games,Mockingjay,3,1,,,,,,0,,,2,,1,3,, 8 Jul 2016 13:11, 8 Jul 2016 13:11,,,,
270,Hunger Games,Mockingjay,4,2,,,,,,0,,,2,,1,3,, 8 Jul 2016 13:11, 8 Jul 2016 13:11,,,,
271,Ides of March  The,,,,,,,,,1,,,3,,2,2,, 8 Jul 2016 13:11, 8 Jul 2016 13:11,,,,
272,Immortals,,,,,,,,,1,,,2,,1,3,2, 8 Jul 2016 13:11, 8 Jul 2016 13:11,,,,
273,Inception,,,,,,,,,1,,,2,,1,3,, 8 Jul 2016 13:11, 8 Jul 2016 13:11,,,,
274,Independence Day,,,,,,,,,1,,,2,,1,3,, 8 Jul 2016 13:11, 8 Jul 2016 13:11,,,,
275,Insidious,,1,,,,,,,1,,,2,,1,3,, 8 Jul 2016 13:11, 8 Jul 2016 13:11,,,,
276,Insidious,Chapter 2,2,,,,,,,1,,,2,,1,3,, 8 Jul 2016 13:11, 8 Jul 2016 13:11,,,,
277,Interview with Vampire,,,,,,,,,0,,,2,,1,3,, 8 Jul 2016 13:11, 8 Jul 2016 13:11,,,,
278,Ip Man,,1,,,,,,,0,,,2,,1,3,, 8 Jul 2016 13:11, 8 Jul 2016 13:11,,,,
279,Ip Man,,2,,,,,,,0,,,2,,1,3,, 8 Jul 2016 13:11, 8 Jul 2016 13:11,,,,
280,Ip Man,The Legend Is Born,3,,,,,,,0,,,2,,1,3,, 8 Jul 2016 13:11, 8 Jul 2016 13:11,,,,
281,Iron Man,,1,,,,,,,1,,,2,,1,3,, 8 Jul 2016 13:11, 8 Jul 2016 13:11,,,,
282,Iron Man,,2,,,,,,,1,,,2,,1,3,, 8 Jul 2016 13:11, 8 Jul 2016 13:11,,,,
283,Iron Man,,3,,,,,,,1,,,2,,1,3,, 8 Jul 2016 13:11, 8 Jul 2016 13:11,,,,
284,It Could Happen to You,,,,,,,,,1,,,3,,1,2,, 8 Jul 2016 13:11, 8 Jul 2016 13:11,,,,
285,Karate Kid,,,,,,,,,1,,,2,,1,3,, 8 Jul 2016 13:11, 8 Jul 2016 13:11,,,,
286,Kick-Ass,,,,,,,,,1,,,2,,1,3,, 8 Jul 2016 13:11, 8 Jul 2016 13:11,,,,
287,Kill Bill,Box Set,,,,,,,,0,,,2,,1,3,, 8 Jul 2016 13:11, 8 Jul 2016 13:11,,,,
288,King Kong,,,,,,,,,1,,,2,,1,3,, 8 Jul 2016 13:11, 8 Jul 2016 13:11,,,,
289,Knowing,,,,,,,,,1,,,2,,1,3,, 8 Jul 2016 13:11, 8 Jul 2016 13:11,,,,
290,Kung Fu Hustle,,,,,,,,,1,,,2,,1,2,, 8 Jul 2016 13:11, 8 Jul 2016 13:11,,,,
291,Last Exorcism,,1,,,,,,,1,,,2,,1,3,, 8 Jul 2016 13:11, 8 Jul 2016 13:11,,,,
292,Last Exorcism,Part II,2,,,,,,,1,,,2,,1,3,, 8 Jul 2016 13:11, 8 Jul 2016 13:11,,,,
293,Legenda,,,,,,,,,1,,,3,,2,2,, 8 Jul 2016 13:11, 8 Jul 2016 13:11,,,,
294,Legion,,,,,,,,,1,,,2,,1,3,, 8 Jul 2016 13:11, 8 Jul 2016 13:11,,,,
295,Life of Brian,,,,,,,,,1,,,3,,1,2,, 8 Jul 2016 13:11, 8 Jul 2016 13:11,,,,
296,Life of Pi,,,,,,,,,1,,,2,,2,2,2, 8 Jul 2016 13:11, 8 Jul 2016 13:11,,,,
297,Limitless,,,,,,,,,1,,,2,,1,3,, 8 Jul 2016 13:11, 8 Jul 2016 13:11,,,,
298,Lord of the Rings,Trilogy,,,,,,,,1,,,2,,1,3,, 8 Jul 2016 13:11, 8 Jul 2016 13:11,,,,
299,Lord of the Rings,Trilogy,,,,,,,,1,,,3,,1,3,, 8 Jul 2016 13:11, 8 Jul 2016 13:11,,,,
300,Mama,,,,,,,,,0,,,2,,1,3,, 8 Jul 2016 13:11, 8 Jul 2016 13:11,,,,
301,Mamma Mia,,,,,,,,,1,,,2,,2,2,, 8 Jul 2016 13:11, 8 Jul 2016 13:11,,,,
302,Man of Steel,,,,,,,,,1,,,2,,1,3,2, 8 Jul 2016 13:11, 8 Jul 2016 13:11,,,,
303,Man with Iron Fists,,,,,,,,,1,,,2,,2,2,, 8 Jul 2016 13:11, 8 Jul 2016 13:11,,,,
304,Matrix,,1,,,,,,,1,,,2,,1,3,, 8 Jul 2016 13:11, 8 Jul 2016 13:11,,,,
305,Matrix,Reloaded,2,,,,,,,1,,,2,,1,3,, 8 Jul 2016 13:11, 8 Jul 2016 13:11,,,,
306,Matrix,Revolutions,3,,,,,,,1,,,2,,1,3,, 8 Jul 2016 13:11, 8 Jul 2016 13:11,,,,
307,Megamind,,,,,,,,,1,,,2,,2,3,2, 8 Jul 2016 13:11, 8 Jul 2016 13:11,,,,
308,Men In Black,,1,,,,,,,0,,,2,,1,3,, 8 Jul 2016 13:11, 8 Jul 2016 13:11,,,,
309,Men In Black,,2,,,,,,,0,,,2,,1,3,, 8 Jul 2016 13:11, 8 Jul 2016 13:11,,,,
310,Men In Black,,3,,,,,,,0,,,2,,1,3,, 8 Jul 2016 13:11, 8 Jul 2016 13:11,,,,
311,Milosc Zyje Wiecznie,,,,,,,,,1,,,3,,2,2,, 8 Jul 2016 13:11, 8 Jul 2016 13:11,,,,
312,Missionary Man,,,,,,,,,1,,,3,,2,2,, 8 Jul 2016 13:11, 8 Jul 2016 13:11,,,,
313,Moonrise Kingdom,,,,,,,,,1,,,2,,1,3,, 8 Jul 2016 13:11, 8 Jul 2016 13:11,,,,
314,Mr. Jones,,,,,,,,,1,,,3,,1,2,, 8 Jul 2016 13:11, 8 Jul 2016 13:11,,,,
315,Nightwatch,,,,,,,,,1,,,2,,1,3,, 8 Jul 2016 13:11, 8 Jul 2016 13:11,,,,
316,Out of Sight,,,,,,,,,1,,,3,,1,2,, 8 Jul 2016 13:11, 8 Jul 2016 13:11,,,,
317,Paranormal Activity,,1,,,,,,,1,,,2,,1,3,, 8 Jul 2016 13:11, 8 Jul 2016 13:11,,,,
318,Paranormal Activity,,2,,,,,,,1,,,2,,1,3,, 8 Jul 2016 13:11, 8 Jul 2016 13:11,,,,
319,Paranormal Activity,,3,,,,,,,1,,,2,,1,3,, 8 Jul 2016 13:11, 8 Jul 2016 13:11,,,,
320,Paranormal Activity,,4,,,,,,,1,,,2,,1,3,, 8 Jul 2016 13:11, 8 Jul 2016 13:11,,,,
321,Paranormal Activity,The Marked Ones,5,,,,,,,0,,,2,,1,3,, 8 Jul 2016 13:11, 8 Jul 2016 13:11,,,,
322,Perfect Stranger,,,,,,,,,1,,,2,,2,2,, 8 Jul 2016 13:11, 8 Jul 2016 13:11,,,,
323,Pirates of the Carribean,Curse of the Black Pearl,1,,,,,,,1,,,2,,2,2,, 8 Jul 2016 13:11, 8 Jul 2016 13:11,,,,
324,Pirates of the Carribean,Dead Man's Chest,2,,,,,,,1,,,2,,2,2,, 8 Jul 2016 13:11, 8 Jul 2016 13:11,,,,
325,Pirates of the Carribean,At World's End,3,,,,,,,1,,,2,,2,2,, 8 Jul 2016 13:11, 8 Jul 2016 13:11,,,,
326,Pirates of the Carribean,On Stranger Tides,4,,,,,,,1,,,2,,2,2,2, 8 Jul 2016 13:11, 8 Jul 2016 13:11,,,,
327,Planet of the Apes,Collection,,,,,,,,0,,,2,,1,3,, 8 Jul 2016 13:11, 8 Jul 2016 13:11,,,,
328,Possession,,,,,,,,,1,,,2,,1,3,, 8 Jul 2016 13:11, 8 Jul 2016 13:11,,,,
329,Postcards from the Edge,,,,,,,,,1,,,3,,1,2,, 8 Jul 2016 13:11, 8 Jul 2016 13:11,,,,
330,Prometheus,,,,,,,,,1,,,2,,1,3,2, 8 Jul 2016 13:11, 8 Jul 2016 13:11,,,,
331,Prowl,,,,,,,,,1,,,2,,1,3,, 8 Jul 2016 13:11, 8 Jul 2016 13:11,,,,
332,Rare Exports,A Christmas Tale,,,,,,,,1,,,2,,1,3,, 8 Jul 2016 13:11, 8 Jul 2016 13:11,,,,
333,Resident Evil,,1,,,,,,,1,,,2,,1,3,, 8 Jul 2016 13:11, 8 Jul 2016 13:11,,,,
334,Resident Evil,Apocalypse,2,,,,,,,1,,,2,,1,3,, 8 Jul 2016 13:11, 8 Jul 2016 13:11,,,,
335,Resident Evil,Extinction,3,,,,,,,1,,,2,,2,2,, 8 Jul 2016 13:11, 8 Jul 2016 13:11,,,,
336,Resident Evil,Afterlife,4,,,,,,,1,,,2,,1,3,2, 8 Jul 2016 13:11, 8 Jul 2016 13:11,,,,
337,Resident Evil,Retribution,5,,,,,,,0,,,2,,1,3,2, 8 Jul 2016 13:11, 8 Jul 2016 13:11,,,,
338,Ring,,,,,,,,,0,,,2,,1,3,, 8 Jul 2016 13:11, 8 Jul 2016 13:11,,,,
339,Rite,,,,,,,,,1,,,2,,1,2,, 8 Jul 2016 13:11, 8 Jul 2016 13:11,,,,
340,Rock'n'Rolla,,,,,,,,,1,,,2,,1,3,, 8 Jul 2016 13:11, 8 Jul 2016 13:11,,,,
341,Rozwazne I Romantyczne,,,,,,,,,1,,,3,,2,2,, 8 Jul 2016 13:11, 8 Jul 2016 13:11,,,,
342,Scott Pilgrim vs the World,,,,,,,,,1,,,2,,1,3,, 8 Jul 2016 13:11, 8 Jul 2016 13:11,,,,
343,Sense and Sensibility,,,,,,,,,1,,,3,,1,2,, 8 Jul 2016 13:11, 8 Jul 2016 13:11,,,,
344,Serce Jest Szalone,,,,,,,,,1,,,3,,2,2,, 8 Jul 2016 13:11, 8 Jul 2016 13:11,,,,
345,Shaolin Soccer,,,,,,,,,1,,,2,,1,3,, 8 Jul 2016 13:11, 8 Jul 2016 13:11,,,,
346,Shaun of the Dead,,,,,,,,,1,,,2,,1,3,, 8 Jul 2016 13:11, 8 Jul 2016 13:11,,,,
347,Sherlock Holmes,,1,,,,,,,1,,,2,,1,3,, 8 Jul 2016 13:11, 8 Jul 2016 13:11,,,,
348,Sherlock Holmes,Game of Shadows,2,,,,,,,1,,,2,,1,3,, 8 Jul 2016 13:11, 8 Jul 2016 13:11,,,,
349,Shrek,,1,,,,,,,1,,,2,,1,3,2, 8 Jul 2016 13:11, 8 Jul 2016 13:11,,,,
350,Shrek,,2,,,,,,,1,,,2,,1,3,2, 8 Jul 2016 13:11, 8 Jul 2016 13:11,,,,
351,Shrek,,3,,,,,,,1,,,2,,1,3,2, 8 Jul 2016 13:11, 8 Jul 2016 13:11,,,,
352,Shrek,,4,,,,,,,1,,,2,,1,3,2, 8 Jul 2016 13:11, 8 Jul 2016 13:11,,,,
353,Shutter,,,,,,,,,0,,,2,,1,3,, 8 Jul 2016 13:11, 8 Jul 2016 13:11,,,,
354,Signs,,,,,,,,,1,,,2,,1,3,, 8 Jul 2016 13:11, 8 Jul 2016 13:11,,,,
355,Sin City,,1,,,,,,,1,,,2,,1,3,, 8 Jul 2016 13:11, 8 Jul 2016 13:11,,,,
356,Single White Female,,,,,,,,,1,,,3,,1,2,, 8 Jul 2016 13:11, 8 Jul 2016 13:11,,,,
357,Sin City,Dame to Kill For,2,,,,,,,0,,,2,,1,3,, 8 Jul 2016 13:11, 8 Jul 2016 13:11,,,,
358,Sinister,,,,,,,,,1,,,2,,1,3,, 8 Jul 2016 13:11, 8 Jul 2016 13:11,,,,
359,Sixth Sense,,,,,,,,,1,,,2,,1,3,, 8 Jul 2016 13:11, 8 Jul 2016 13:11,,,,
360,Social Network,,,,,,,,,1,,,2,,1,3,, 8 Jul 2016 13:11, 8 Jul 2016 13:11,,,,
361,Spiderman,,1,,,,,,,1,,,2,,1,3,, 8 Jul 2016 13:11, 8 Jul 2016 13:11,,,,
362,Spiderman,,2,,,,,,,1,,,2,,1,3,, 8 Jul 2016 13:11, 8 Jul 2016 13:11,,,,
363,Spiderman,,3,,,,,,,1,,,2,,1,3,, 8 Jul 2016 13:11, 8 Jul 2016 13:11,,,,
364,Spirit,,,,,,,,,0,,,2,,1,3,, 8 Jul 2016 13:11, 8 Jul 2016 13:11,,,,
365,Star Trek,,1,,,,,,,1,,,2,,1,3,, 8 Jul 2016 13:11, 8 Jul 2016 13:11,,,,
366,Star Trek,Into Darkness,2,,,,,,,1,,,2,,1,3,, 8 Jul 2016 13:11, 8 Jul 2016 13:11,,,,
367,Star Wars,Phantom Menace,1,,,,,,,1,,,2,,1,3,, 8 Jul 2016 13:11, 8 Jul 2016 13:11,,,,
368,Star Wars,Attack of the Clones,2,,,,,,,1,,,2,,1,3,, 8 Jul 2016 13:11, 8 Jul 2016 13:11,,,,
369,Star Wars,Revenge of the Sith,3,,,,,,,1,,,2,,1,3,, 8 Jul 2016 13:11, 8 Jul 2016 13:11,,,,
370,Star Wars,New Hope,4,,,,,,,1,,,2,,1,3,, 8 Jul 2016 13:11, 8 Jul 2016 13:11,,,,
371,Star Wars,The Empire Strikes Back,5,,,,,,,1,,,2,,1,3,, 8 Jul 2016 13:11, 8 Jul 2016 13:11,,,,
372,Star Wars,Return of the Jedi,6,,,,,,,1,,,2,,1,3,, 8 Jul 2016 13:11, 8 Jul 2016 13:11,,,,
373,Superbad,,,,,,,,,1,,,2,,1,2,, 8 Jul 2016 13:11, 8 Jul 2016 13:11,,,,
374,Szalona Milosc,,,,,,,,,1,,,3,,2,2,, 8 Jul 2016 13:11, 8 Jul 2016 13:11,,,,
375,Szantaz,,,,,,,,,1,,,3,,2,2,, 8 Jul 2016 13:11, 8 Jul 2016 13:11,,,,
376,Take  The,,,,,,,,,1,,,3,,2,2,, 8 Jul 2016 13:11, 8 Jul 2016 13:11,,,,
377,Taken,,,,,,,,,1,,,3,,1,3,, 8 Jul 2016 13:11, 8 Jul 2016 13:11,,,,
378,Superman Returns,,,,,,,,,1,,,2,,1,3,, 8 Jul 2016 13:11, 8 Jul 2016 13:11,,,,
379,Thale,,,,,,,,,1,,,2,,1,3,, 8 Jul 2016 13:11, 8 Jul 2016 13:11,,,,
380,Thor,,1,,,,,,,0,,,2,,1,3,2, 8 Jul 2016 13:11, 8 Jul 2016 13:11,,,,
381,Tootsie,,,,,,,,,1,,,3,,1,2,, 8 Jul 2016 13:11, 8 Jul 2016 13:11,,,,
382,Thor,The Dark World,2,,,,,,,0,,,2,,1,3,2, 8 Jul 2016 13:11, 8 Jul 2016 13:11,,,,
383,Transformers,,1,,,,,,,1,,,2,,1,3,, 8 Jul 2016 13:11, 8 Jul 2016 13:11,,,,
384,Transformers,Revenge of the Fallen,2,,,,,,,1,,,2,,1,3,, 8 Jul 2016 13:11, 8 Jul 2016 13:11,,,,
385,Transformers,Dark of the Moon,3,,,,,,,1,,,2,,1,3,, 8 Jul 2016 13:11, 8 Jul 2016 13:11,,,,
386,Transformers,Age of Extinction,4,,,,,,,0,,,2,,1,3,, 8 Jul 2016 13:11, 8 Jul 2016 13:11,,,,
387,Troll Hunter,,,,,,,,,1,,,2,,1,3,, 8 Jul 2016 13:11, 8 Jul 2016 13:11,,,,
388,Trucizna,,,,,,,,,1,,,3,,2,2,, 8 Jul 2016 13:11, 8 Jul 2016 13:11,,,,
389,Tron,Legacy,,,,,,,,1,,,2,,1,3,2, 8 Jul 2016 13:11, 8 Jul 2016 13:11,,,,
390,Twilight,,1,,,,,,,1,,,2,,1,3,, 8 Jul 2016 13:11, 8 Jul 2016 13:11,,,,
391,Twilight,New Moon,2,,,,,,,1,,,2,,1,3,, 8 Jul 2016 13:11, 8 Jul 2016 13:11,,,,
392,Twilight,Eclipse,3,,,,,,,1,,,2,,1,3,, 8 Jul 2016 13:11, 8 Jul 2016 13:11,,,,
393,Twilight,Breaking Dawn,4,1,,,,,,1,,,2,,1,3,, 8 Jul 2016 13:11, 8 Jul 2016 13:11,,,,
394,Twilight,Breaking Dawn,4,2,,,,,,1,,,2,,1,3,, 8 Jul 2016 13:11, 8 Jul 2016 13:11,,,,
395,Twin Sisters,,,,,,,,,0,,,2,,1,3,, 8 Jul 2016 13:11, 8 Jul 2016 13:11,,,,
396,Ubreakable,,,,,,,,,1,,,2,,1,3,, 8 Jul 2016 13:11, 8 Jul 2016 13:11,,,,
397,Underworld,,1,,,,,,,1,,,2,,1,3,, 8 Jul 2016 13:11, 8 Jul 2016 13:11,,,,
398,Underworld,Evolution,2,,,,,,,1,,,2,,1,3,, 8 Jul 2016 13:11, 8 Jul 2016 13:11,,,,
399,Underworld,Rise of the Lycans,3,,,,,,,1,,,2,,1,3,, 8 Jul 2016 13:11, 8 Jul 2016 13:11,,,,
400,Underworld,Awakening,4,,,,,,,1,,,2,,1,3,2, 8 Jul 2016 13:11, 8 Jul 2016 13:11,,,,
401,Viking,The Darkest Day,,,,,,,,1,,,2,,1,3,, 8 Jul 2016 13:11, 8 Jul 2016 13:11,,,,
402,Wall-e,,,,,,,,,1,,,2,,1,3,, 8 Jul 2016 13:11, 8 Jul 2016 13:11,,,,
403,Wanted,,,,,,,,,1,,,2,,1,3,, 8 Jul 2016 13:11, 8 Jul 2016 13:11,,,,
404,Watchmen,,,,,,,,,1,,,2,,1,3,, 8 Jul 2016 13:11, 8 Jul 2016 13:11,,,,
405,Wonders Collection,,,,,,,,,1,,,2,,1,3,, 8 Jul 2016 13:11, 8 Jul 2016 13:11,,,,
406,Wonders of Life,,,,,,,,,0,,,2,,1,3,, 8 Jul 2016 13:11, 8 Jul 2016 13:11,,,,
407,World War Z,,,,,,,,,1,,,2,,1,3,, 8 Jul 2016 13:11, 8 Jul 2016 13:11,,,,
408,Wyjazd Integracyjny,,,,,,,,,1,,,3,,2,2,, 8 Jul 2016 13:11, 8 Jul 2016 13:11,,,,
409,X-Men,,1,,,,,,,1,,,3,,1,3,, 8 Jul 2016 13:11, 8 Jul 2016 13:11,,,,
410,World's End  The,,,,,,,,,1,,,2,,1,3,, 8 Jul 2016 13:11, 8 Jul 2016 13:11,,,,
411,X-Men,,2,,,,,,,1,,,3,,1,3,, 8 Jul 2016 13:11, 8 Jul 2016 13:11,,,,
412,X-Men,,1,,,,,,,1,,,2,,1,3,, 8 Jul 2016 13:11, 8 Jul 2016 13:11,,,,
413,X-Men,,3,,,,,,,1,,,3,,1,3,, 8 Jul 2016 13:11, 8 Jul 2016 13:11,,,,
414,X-Men,2,2,,,,,,,1,,,2,,1,3,, 8 Jul 2016 13:11, 8 Jul 2016 13:11,,,,
415,X-Men,Wolverine  Origins,4,,,,,,,1,,,3,,1,3,, 8 Jul 2016 13:11, 8 Jul 2016 13:11,,,,
416,X-Men,The Last Stand,3,,,,,,,1,,,2,,1,3,, 8 Jul 2016 13:11, 8 Jul 2016 13:11,,,,
417,X-Men,Wolverine  Origins,4,,,,,,,1,,,2,,1,3,, 8 Jul 2016 13:11, 8 Jul 2016 13:11,,,,
418,X-Men,First Class,5,,,,,,,1,,,2,,1,3,, 8 Jul 2016 13:11, 8 Jul 2016 13:11,,,,
419,X-Men,Wolverine  The,6,,,,,,,1,,,2,,1,3,, 8 Jul 2016 13:11, 8 Jul 2016 13:11,,,,
420,Yakeen,Zaufanie,,,,,,,,1,,,3,,2,2,, 8 Jul 2016 13:11, 8 Jul 2016 13:11,,,,
421,Zaufaj Mi,,,,,,,,,1,,,3,,2,2,, 8 Jul 2016 13:11, 8 Jul 2016 13:11,,,,
422,X-Men,Days of Future Past,7,,,,,,,0,,,2,,1,3,, 8 Jul 2016 13:11, 8 Jul 2016 13:11,,,,
423,Zoolander,,,,,,,,,1,,,3,,1,2,, 8 Jul 2016 13:11, 8 Jul 2016 13:11,,,,
424,Zombieland,"",,,tt1156398,,"A shy student trying to reach his family in Ohio, a gun-toting tough guy trying to find the last Twinkie, and a pair of sisters trying to get to an amusement park join forces to travel across a zombie-filled America.",,,1,,,2,,1,3,, 8 Jul 2016 13:11,11 Jul 2016 15:31,,,,
431,Deadpool,"",,,tt1431045,,"A former Special Forces operative turned mercenary is subjected to a rogue experiment that leaves him with accelerated healing powers, adopting the alter ego Deadpool.",,,,3,6,2,4,1,3,,13 Jul 2016 10:09,13 Jul 2016 10:23,Tim Miller,"Rhett Reese, Paul Wernick, Fabian Nicieza (character), Rob Liefeld (character)","Ryan Reynolds, Karan Soni, Ed Skrein, Michael Benyaer",
